City,Cloudiness (%),Country,Date,Humidity (%),Lat,Lng,Max Temp (F),Wind Speed (mph)
luderitz,0,NA,1547192392,99,-26.65,15.16,62.18,3.06
campoverde,0,IT,1547191200,74,41.54,12.73,35.6,5.82
cabo san lucas,0,MX,1547192373,100,22.89,-109.91,71.13,1.95
norman wells,40,CA,1547190000,65,65.28,-126.83,-40.01,3.4
yellowknife,90,CA,1547190000,76,62.45,-114.38,-5.81,14.99
savannakhet,40,TH,1547190000,46,16.57,104.76,91.4,2.24
hilo,40,US,1547190240,84,19.71,-155.08,69.08,4.7
souillac,20,FR,1547190000,100,45.6,-0.6,30.2,2.84
katsuura,75,JP,1547190000,88,33.93,134.5,51.8,10.29
kerchevskiy,92,RU,1547192395,77,59.95,56.29,11.01,7.31
ponta do sol,48,BR,1547192396,84,-20.63,-46.0,65.6,3.06
kapaa,1,US,1547189760,90,22.08,-159.32,69.98,5.82
cape town,75,ZA,1547190000,60,-33.93,18.42,69.8,24.16
bend,1,US,1547190900,86,44.06,-121.32,35.96,8.05
lufilufi,8,WS,1547192397,100,-13.87,-171.6,84.59,8.66
rio rancho,90,US,1547190900,100,35.27,-106.63,37.4,5.82
necochea,0,AR,1547192398,100,-38.55,-58.74,42.6,4.41
ambilobe,80,MG,1547192398,97,-13.19,49.05,81.75,5.75
touros,20,BR,1547190000,88,-5.2,-35.46,75.2,4.7
lagoa,0,PT,1547190000,31,37.14,-8.45,48.2,14.99
guerrero negro,0,MX,1547192399,100,27.97,-114.04,53.18,5.41
la ronge,90,CA,1547190000,84,55.1,-105.3,1.4,6.93
bluff,36,AU,1547192400,63,-23.58,149.07,79.28,8.99
puerto ayora,56,EC,1547192400,100,-0.74,-90.35,73.61,3.62
burnie,20,AU,1547192400,99,-41.05,145.91,63.93,7.65
porto novo,20,BR,1547190000,94,-23.68,-45.44,71.6,2.24
lebu,0,ET,1547190000,31,8.96,38.73,64.4,13.87
thompson,20,CA,1547190000,75,55.74,-97.86,-13.01,8.05
parrsboro,90,CA,1547190000,86,45.41,-64.33,26.6,17.22
bredasdorp,0,ZA,1547190000,44,-34.53,20.04,75.2,8.05
ushuaia,75,AR,1547190000,76,-54.81,-68.31,51.8,21.92
coihaique,0,CL,1547190000,53,-45.58,-72.07,50.0,3.36
bandar,32,ID,1547192403,59,-4.2,104.14,90.35,11.23
bilma,0,NE,1547192403,36,18.69,12.92,67.35,4.74
kavieng,0,PG,1547192403,96,-2.57,150.8,86.16,11.56
atuona,80,PF,1547192404,100,-9.8,-139.03,81.26,18.05
hobart,20,AU,1547190000,24,-42.88,147.33,82.4,19.46
kavaratti,0,IN,1547192404,100,10.57,72.64,81.71,7.99
rikitea,80,PF,1547192404,100,-23.12,-134.97,79.05,17.05
georgetown,20,GY,1547190000,100,6.8,-58.16,71.6,4.7
alofi,48,NU,1547190000,88,-19.06,-169.92,78.8,12.75
casalmaggiore,0,IT,1547191200,73,44.99,10.42,26.6,6.93
roald,75,NO,1547191200,55,62.58,6.12,39.2,16.11
vanimo,48,PG,1547192406,100,-2.67,141.3,81.66,10.78
moerai,92,PF,1547192407,100,-22.43,-151.33,75.05,9.22
port alfred,0,ZA,1547192407,70,-33.59,26.89,75.77,9.44
salinas,1,US,1547191200,93,36.67,-121.66,48.92,4.29
saskylakh,56,RU,1547192408,70,71.97,114.09,-36.56,5.19
pucallpa,75,PE,1547190000,94,-8.38,-74.54,75.2,5.82
verkhnyaya toyma,92,RU,1547192408,77,62.24,45.0,16.05,11.79
sensenti,0,HN,1547192409,92,14.5,-88.94,50.3,2.28
gorahun,0,LR,1547192409,80,8.17,-10.34,73.65,3.96
busselton,0,AU,1547192410,89,-33.64,115.35,71.99,12.68
hasaki,20,JP,1547190000,27,35.73,140.83,50.0,11.41
codrington,0,AU,1547190000,48,-28.95,153.24,86.0,12.75
esil,8,KZ,1547192411,84,51.96,66.41,5.12,4.52
road town,75,VG,1547189580,87,18.42,-64.62,75.92,4.7
san felipe,0,CL,1547192412,75,-32.75,-70.73,46.11,1.83
bethel,1,US,1547189760,76,60.79,-161.76,-20.03,11.41
tasiilaq,88,GL,1547189400,79,65.61,-37.64,19.4,10.29
jinxiang,24,CN,1547192413,67,35.07,116.31,41.57,3.18
fortuna,0,ES,1547190000,63,38.18,-1.13,39.2,2.24
bandarbeyla,0,SO,1547192414,100,9.49,50.81,77.57,19.95
provideniya,0,RU,1547192414,100,64.42,-173.23,-3.98,11.34
faanui,88,PF,1547192415,100,-16.48,-151.75,81.17,16.15
hithadhoo,80,MV,1547192415,100,-0.6,73.08,79.5,6.76
havoysund,40,NO,1547191200,92,71.0,24.66,23.0,5.82
hermanus,0,ZA,1547192416,50,-34.42,19.24,71.72,14.81
mar del plata,24,AR,1547192416,56,-46.43,-67.52,56.78,20.18
pervomayskiy,88,RU,1547192416,97,53.24,40.29,20.73,7.99
muisne,80,EC,1547192417,99,0.61,-80.02,68.57,3.18
pevek,32,RU,1547192126,79,69.7,170.27,4.71,15.7
samarinda,32,ID,1547192417,81,-0.5,117.14,83.6,3.4
giyani,0,ZA,1547192418,47,-23.32,30.73,96.6,7.31
springbok,0,ZA,1547189280,48,-29.67,17.88,62.6,3.36
goure,0,NE,1547192127,31,13.98,10.27,74.87,6.08
colquechaca,92,BO,1547192418,92,-18.7,-66.0,46.65,1.61
ulladulla,90,AU,1547190000,100,-35.36,150.48,71.6,5.82
windhoek,0,NA,1547190000,15,-22.57,17.08,75.2,1.12
airai,68,TL,1547192419,83,-8.93,125.41,77.21,1.95
makakilo city,20,US,1547189820,87,21.35,-158.09,75.02,3.36
port elizabeth,90,US,1547189760,53,39.31,-74.98,30.92,12.75
bulawayo,12,ZW,1547192420,75,-20.16,28.59,82.83,4.97
husavik,88,CA,1547192420,84,50.56,-96.99,12.45,6.64
murupara,0,NZ,1547192421,38,-38.46,176.71,70.73,3.96
atambua,32,ID,1547192421,91,-9.11,124.89,83.51,6.53
faya,0,SA,1547190000,39,18.39,42.45,68.0,10.29
ukwa,0,NG,1547190000,94,5.47,8.01,77.0,3.74
kyzyl-suu,0,KG,1547192422,100,42.34,78.0,26.0,2.62
nome,1,US,1547190900,89,30.04,-94.42,44.78,7.99
clonakilty,75,IE,1547191800,100,51.62,-8.87,46.4,3.36
bubaque,24,GW,1547192133,100,11.28,-15.83,78.02,6.42
torbay,90,CA,1547190000,100,47.66,-52.73,35.6,8.05
nanortalik,92,GL,1547192423,96,60.14,-45.24,28.07,19.39
mercedes,0,UY,1547192424,97,-33.25,-58.03,60.83,9.66
gulu,0,UG,1547192424,28,2.77,32.3,91.16,14.03
zhezkazgan,40,KZ,1547190000,84,47.8,67.71,1.4,8.95
ahipara,76,NZ,1547192425,85,-35.17,173.16,69.74,8.88
praya,75,ID,1547190000,66,-8.71,116.27,87.8,10.29
aleksandrovskiy zavod,0,RU,1547192426,77,50.92,117.94,-2.49,2.62
kaitangata,0,NZ,1547192426,56,-46.28,169.85,51.96,13.47
saint-philippe,90,CA,1547190000,65,45.36,-73.48,8.96,18.34
arlit,0,NE,1547192426,66,18.74,7.39,63.44,4.63
albany,90,US,1547191020,59,42.65,-73.75,19.94,19.46
wajima,20,JP,1547190000,64,37.4,136.9,37.4,3.36
tokur,0,RU,1547192427,75,53.13,132.9,-18.69,2.39
mataura,0,NZ,1547192429,58,-46.19,168.86,51.33,11.68
punta arenas,90,CL,1547190000,81,-53.16,-70.91,50.0,14.99
sherman,90,US,1547192100,51,33.64,-96.61,46.94,9.17
qaanaaq,44,GL,1547192429,90,77.48,-69.36,-15.45,8.88
nhulunbuy,8,AU,1547190000,49,-12.18,136.78,93.2,12.75
geraldton,90,CA,1547190000,70,49.72,-86.95,-2.21,2.24
yaring,40,TH,1547190000,74,6.87,101.37,84.2,9.17
sangmelima,36,CM,1547192431,83,2.93,11.98,76.22,2.95
coos bay,1,US,1547189760,96,43.37,-124.22,48.02,4.7
payo,76,ID,1547192431,77,-3.75,103.64,85.67,8.21
castro,76,CL,1547190000,100,-42.48,-73.76,39.2,2.24
pisco,75,PE,1547190000,88,-13.71,-76.2,71.6,1.12
sao filipe,0,CV,1547192433,96,14.9,-24.5,71.99,14.47
russkaya polyana,56,RU,1547192433,89,53.78,73.88,1.97,8.99
ilulissat,0,GL,1547189400,52,69.22,-51.1,-7.61,3.36
kirovskiy,0,RU,1547192434,64,45.09,133.51,-0.02,2.28
tiarei,75,PF,1547191800,88,-17.53,-149.33,78.8,5.82
umm lajj,36,SA,1547192435,66,25.02,37.27,76.31,6.08
jalu,0,LY,1547192435,29,29.03,21.55,61.46,6.98
tuktoyaktuk,24,CA,1547192435,74,69.44,-133.03,-16.49,11.01
kununurra,0,AU,1547190000,33,-15.77,128.74,102.2,5.82
antofagasta,0,CL,1547190000,56,-23.65,-70.4,68.0,4.7
mayumba,88,GA,1547192436,100,-3.44,10.65,77.3,4.74
dunedin,0,NZ,1547192225,64,-45.87,170.5,50.39,11.34
buin,0,CL,1547190000,62,-33.73,-70.74,57.2,5.82
pangoa,92,PE,1547192437,100,-12.12,-73.0,63.03,1.39
kavali,0,IN,1547192199,53,14.91,79.99,84.23,10.89
ojinaga,90,US,1547192100,88,29.56,-104.41,56.84,5.82
tiznit,12,MA,1547192437,92,29.7,-9.73,47.87,3.85
hualmay,68,PE,1547192438,94,-11.1,-77.61,66.45,2.17
upernavik,36,GL,1547192438,100,72.79,-56.15,-6.45,6.64
katangli,0,RU,1547192438,100,51.71,143.23,5.88,17.94
rennes,90,FR,1547190000,100,48.11,-1.68,46.4,3.36
san cristobal,90,EC,1547190000,100,-0.39,-78.55,53.6,3.36
poshekhonye,80,RU,1547192439,91,58.5,39.12,15.15,15.7
kapchorwa,0,UG,1547192440,64,1.4,34.45,79.23,3.74
urusha,0,RU,1547192440,57,54.05,122.9,-12.75,2.62
gizo,0,IL,1547191200,47,31.8,34.94,55.4,2.24
tilichiki,36,RU,1547192440,81,60.47,166.1,19.2,12.46
barrow,0,AR,1547192441,81,-38.31,-60.23,42.06,4.74
narsaq,76,GL,1547192441,71,60.91,-46.05,13.35,1.95
lompoc,90,US,1547190900,96,34.64,-120.46,53.96,3.36
karasburg,0,NA,1547192442,19,-28.01,18.75,81.26,4.63
verkhnyaya inta,12,RU,1547192442,61,65.99,60.32,-13.25,2.51
teknaf,0,BD,1547192442,47,20.86,92.31,80.81,2.62
yulara,0,AU,1547190000,11,-25.24,130.99,109.4,12.75
bordighera,5,IT,1547189700,26,43.79,7.66,42.8,2.24
luanda,75,AO,1547186400,83,-8.83,13.24,78.8,5.82
beroroha,76,MG,1547192444,71,-21.68,45.17,84.14,10.0
carnarvon,0,ZA,1547192444,18,-30.97,22.13,78.92,15.82
egvekinot,8,RU,1547192444,52,66.32,-179.17,-31.7,2.73
tezu,0,IN,1547192445,41,27.93,96.16,60.33,1.83
los llanos de aridane,20,ES,1547190000,59,28.66,-17.92,60.8,8.05
east london,40,ZA,1547190000,73,-33.02,27.91,73.4,8.05
guayaramerin,92,BO,1547192446,93,-10.82,-65.36,72.66,2.17
ko samui,20,TH,1547190000,70,9.54,99.94,86.0,11.41
abha,0,SA,1547190000,39,18.22,42.5,68.0,10.29
kolondieba,0,ML,1547192447,35,11.09,-6.89,74.24,4.63
rubizhne,92,UA,1547192447,100,49.02,38.37,30.05,6.64
palafrugell,0,ES,1547190000,92,41.92,3.16,23.0,18.05
telimele,0,GN,1547192448,88,10.9,-13.03,69.74,3.74
bambous virieux,75,MU,1547190000,78,-20.34,57.76,82.4,9.17
christchurch,80,NZ,1547190000,93,-43.53,172.64,55.4,9.17
lovozero,36,RU,1547192449,73,68.01,35.02,18.8,7.54
marawi,92,PH,1547192449,85,8.0,124.29,72.75,3.06
caracal,92,RO,1547190000,92,44.11,24.35,28.4,8.05
balad,12,ID,1547192450,100,-6.76,108.42,84.23,7.65
sri aman,75,MY,1547190000,83,1.24,111.46,84.2,2.95
general cepeda,90,MX,1547188800,93,25.38,-101.48,44.6,2.39
butaritari,32,KI,1547192451,100,3.07,172.79,82.38,7.99
lindi,48,TZ,1547192451,75,-10.0,39.71,85.76,6.76
prince rupert,90,CA,1547190000,87,54.32,-130.32,46.4,14.99
laguna,92,MX,1547192452,98,27.52,-110.01,57.95,1.95
green river,90,US,1547189640,92,41.53,-109.47,26.06,9.17
vardo,90,US,1547191200,54,39.62,-77.74,28.4,14.99
vaini,0,IN,1547190000,28,15.34,74.49,84.2,9.17
yar-sale,48,RU,1547192453,93,66.83,70.83,-15.54,10.45
new norfolk,20,AU,1547190000,24,-42.78,147.06,82.4,19.46
westport,90,IE,1547191800,100,53.8,-9.52,44.6,5.82
port lincoln,12,AU,1547192454,55,-34.72,135.86,82.07,7.99
tiksi,68,RU,1547192454,47,71.64,128.87,-29.49,3.51
kruisfontein,0,ZA,1547192455,69,-34.0,24.73,74.06,5.64
jamestown,0,AU,1547192455,36,-33.21,138.6,87.92,2.62
havelock,1,US,1547189880,55,34.88,-76.9,33.98,12.75
saint-georges,68,CA,1547192179,59,46.12,-70.67,9.89,10.56
kuching,75,MY,1547190000,66,1.56,110.34,87.8,9.17
leningradskiy,0,RU,1547192456,94,69.38,178.42,-7.4,24.87
kathu,0,ZA,1547192457,20,-27.7,23.05,88.91,4.74
formosa do rio preto,88,BR,1547192457,76,-11.04,-45.19,72.53,3.06
badiraguato,56,MX,1547192458,93,25.36,-107.55,62.9,2.06
mahebourg,75,MU,1547190000,78,-20.41,57.7,82.4,9.17
quatre cocos,75,MU,1547190000,78,-20.21,57.76,82.4,9.17
yacuanquer,12,CO,1547192459,98,1.12,-77.4,46.11,1.72
victoria,75,BN,1547190000,66,5.28,115.24,89.6,6.93
chegdomyn,0,RU,1547192460,69,51.13,133.04,-16.89,1.28
dresden,75,DE,1547191200,86,51.05,13.74,28.4,8.05
vostok,0,RU,1547192461,78,46.45,135.83,-5.15,2.28
flinders,90,AU,1547190000,100,-34.58,150.85,71.6,5.82
chokurdakh,56,RU,1547192461,54,70.62,147.9,-31.52,3.06
bereda,0,ES,1547190000,81,43.27,-7.54,32.0,4.97
changji,64,CN,1547192462,95,32.07,116.17,41.16,4.97
mangan,32,IN,1547192462,67,27.5,88.54,28.43,1.95
mount gambier,0,AU,1547190000,15,-37.83,140.78,89.6,17.22
san jose,24,PH,1547192168,71,15.79,120.99,77.43,5.64
sterling,1,US,1547192100,63,39.0,-77.4,30.02,11.41
tsabong,0,BW,1547192464,17,-26.02,22.4,91.65,5.75
belmonte,0,PT,1547192465,62,40.36,-7.35,31.49,9.44
sao paulo de olivenca,64,BR,1547192465,95,-3.38,-68.87,75.41,3.62
coquimbo,75,CL,1547190000,87,-29.95,-71.34,59.0,5.82
caravelas,92,BR,1547192466,100,-17.73,-39.27,80.18,10.56
tsuruga,0,JP,1547192466,94,35.64,136.07,39.86,9.78
ialibu,92,PG,1547192467,100,-6.28,143.99,57.05,0.38
uniontown,90,US,1547190900,85,39.9,-79.72,23.0,6.93
goderich,8,CA,1547192467,85,43.74,-81.71,14.03,9.78
kulhudhuffushi,32,MV,1547192468,100,6.62,73.07,81.71,11.23
cherskiy,0,RU,1547192468,50,68.75,161.3,-2.85,6.53
ballina,90,IE,1547191800,100,54.11,-9.15,44.6,5.82
college,20,US,1547189880,69,64.86,-147.8,-25.97,2.51
avarua,75,CK,1547190000,83,-21.21,-159.78,77.0,11.41
havre-saint-pierre,90,CA,1547190780,100,50.23,-63.6,28.4,11.41
pizarro,88,CO,1547192470,100,4.95,-77.37,73.97,4.18
bartlesville,90,US,1547189700,82,36.75,-95.98,41.54,8.05
pacifica,40,US,1547191140,80,37.61,-122.49,53.96,4.7
comodoro rivadavia,0,AR,1547190000,38,-45.87,-67.48,59.0,9.17
cape girardeau,1,US,1547190900,72,37.31,-89.52,28.4,6.93
praia da vitoria,75,PT,1547190000,82,38.73,-27.07,59.0,26.33
constitucion,0,MX,1547192471,78,23.99,-104.67,40.53,4.74
altay,0,CN,1547192472,86,47.83,88.13,13.04,1.95
ribeira grande,40,PT,1547190000,77,38.52,-28.7,60.8,25.28
kahului,40,US,1547189760,81,20.89,-156.47,71.06,4.7
ngunguru,80,NZ,1547192473,98,-35.62,174.5,70.37,5.75
mossendjo,100,CG,1547192473,96,-2.95,12.72,74.15,2.39
arraial do cabo,12,BR,1547192474,92,-22.97,-42.02,75.81,17.05
ulaangom,0,MN,1547192474,90,49.98,92.07,3.05,0.94
cabral,0,BR,1547190000,83,-22.82,-43.42,78.8,3.36
nyurba,36,RU,1547192475,74,63.29,118.35,-11.4,2.95
carberry,20,CA,1547190000,77,49.87,-99.36,3.2,8.05
kuito,48,AO,1547192475,83,-12.38,16.94,75.45,6.2
port-cartier,90,CA,1547190900,85,50.03,-66.88,23.0,6.93
khatanga,44,RU,1547192475,90,71.98,102.47,-40.65,1.39
contamana,36,PE,1547192476,89,-7.35,-75.01,74.91,1.95
pontianak,75,ID,1547190000,63,-0.02,109.34,91.4,5.82
chuy,0,UY,1547192476,96,-33.69,-53.46,65.51,14.03
ukiah,1,US,1547189760,79,39.15,-123.21,48.02,5.82
pundaguitan,92,PH,1547192477,100,6.37,126.17,80.54,10.45
clyde river,1,CA,1547190000,67,70.47,-68.59,-23.81,4.7
maniitsoq,12,GL,1547192477,100,65.42,-52.9,4.31,7.76
bundaberg,56,AU,1547190000,51,-24.87,152.35,82.4,17.22
dikson,0,RU,1547192478,100,73.51,80.55,-23.6,8.66
gao,0,ML,1547192478,35,16.28,-0.04,69.47,4.63
vila velha,75,BR,1547190000,83,-3.71,-38.6,80.6,8.05
mago,0,RU,1547192479,61,53.27,140.15,-2.9,4.85
williams lake,90,CA,1547190000,74,52.13,-122.14,37.4,13.87
puro,64,PH,1547192479,76,13.13,123.76,79.64,10.45
yablonovo,90,RU,1547190000,92,50.85,37.36,24.8,4.47
ostrovnoy,56,RU,1547192480,83,68.05,39.51,20.01,21.97
ozernovskiy,80,RU,1547192480,100,51.5,156.52,14.12,9.22
sur,8,OM,1547192481,95,22.57,59.53,74.46,17.83
vallam,40,IN,1547190000,45,10.72,79.06,86.0,11.41
henties bay,8,NA,1547192392,100,-22.12,14.28,65.01,5.08
moose factory,1,CA,1547190000,75,51.26,-80.61,-16.61,9.17
valle de allende,24,MX,1547192482,79,26.94,-105.39,40.8,2.06
kroya,48,ID,1547192483,94,-6.5,108.06,80.27,3.51
longyearbyen,40,NO,1547191200,47,78.22,15.63,14.0,28.86
chalchihuites,0,MX,1547192483,82,23.48,-103.88,34.41,3.18
esperance,20,TT,1547190000,88,10.24,-61.45,75.2,5.64
hun,75,BE,1547191200,93,50.34,4.87,39.2,9.17
belyy yar,0,RU,1547190000,72,53.6,91.39,10.4,4.47
persianovskiy,75,RU,1547190000,95,47.51,40.11,32.0,8.95
ishigaki,40,JP,1547190000,83,24.34,124.16,78.8,12.75
santa cruz,1,US,1547191200,93,36.97,-122.03,48.92,3.62
rawson,0,AR,1547192486,35,-43.3,-65.11,49.22,7.54
japura,80,ID,1547192487,64,-0.42,102.29,86.75,2.73
walvis bay,0,NA,1547190000,82,-22.95,14.51,62.6,4.7
tuatapere,8,NZ,1547192487,100,-46.13,167.69,52.05,10.11
marsh harbour,64,BS,1547192487,100,26.54,-77.06,68.39,10.45
chapais,90,CA,1547190000,76,49.78,-74.86,-7.61,12.75
kirakira,76,SB,1547192488,100,-10.46,161.92,83.55,11.79
dno,92,RU,1547192488,82,57.83,29.97,14.66,14.81
medzilaborce,64,SK,1547192489,84,49.27,21.9,17.72,7.99
kabo,0,CF,1547192489,24,7.69,18.62,89.85,7.87
kodiak,90,US,1547192100,37,39.95,-94.76,37.04,9.17
oranjemund,36,ZA,1547192489,93,-28.55,16.43,63.71,5.41
nikolskoye,90,RU,1547190000,92,59.7,30.79,23.0,11.18
hluti,24,SZ,1547192490,72,-27.22,31.62,82.83,2.17
krasnoarmeysk,75,RU,1547190000,92,56.12,38.15,14.0,8.95
churapcha,44,RU,1547192491,50,62.0,132.43,-30.75,4.63
taksimo,64,RU,1547192491,84,56.36,114.84,-8.03,1.72
chepareria,0,KE,1547192491,35,1.32,35.2,76.08,2.28
sitka,80,US,1547192492,66,37.17,-99.65,40.31,9.44
byron bay,0,AU,1547190000,61,-28.65,153.62,86.0,13.87
qasigiannguit,0,GL,1547189400,52,68.82,-51.19,-7.61,3.36
lodja,68,CD,1547192493,81,-3.52,23.6,80.0,3.18
jiwani,24,PK,1547192493,54,25.05,61.74,80.9,8.1
samarai,0,PG,1547192493,100,-10.62,150.67,83.28,10.67
navalmoral de la mata,0,ES,1547192493,75,39.89,-5.54,22.58,2.95
nishihara,40,JP,1547190000,31,35.74,139.53,51.8,12.75
eureka,1,US,1547192100,100,40.8,-124.16,50.0,5.82
mahibadhoo,36,MV,1547192495,100,3.78,72.97,82.34,11.45
shillong,20,IN,1547190000,48,25.58,91.88,75.2,5.82
nago,0,IT,1547191200,73,45.88,10.89,26.6,6.93
requena,0,ES,1547190000,83,39.49,-1.1,32.0,6.93
pemberton,0,AU,1547192496,37,-34.44,116.03,75.9,9.1
buala,92,SB,1547192496,90,-8.15,159.59,82.79,4.07
fort-shevchenko,68,KZ,1547192496,100,44.51,50.26,34.19,10.0
skibbereen,75,IE,1547191800,100,51.55,-9.27,46.4,3.36
diamantino,36,BR,1547192497,96,-14.4,-56.44,70.01,2.62
semnan,0,IR,1547190000,56,35.58,53.39,41.0,2.24
seydi,0,NE,1547190000,34,13.34,7.75,64.4,4.7
seminole,40,US,1547190900,84,32.72,-102.64,49.28,10.29
vila franca do campo,75,PT,1547190000,87,37.72,-25.43,57.2,11.41
quimper,90,FR,1547190000,100,48.0,-4.1,46.4,2.24
atar,12,MR,1547192500,41,20.52,-13.05,46.65,2.95
talnakh,68,RU,1547192500,53,69.49,88.39,-31.74,3.96
paamiut,68,GL,1547192500,94,61.99,-49.67,29.73,8.21
fare,92,PF,1547192501,100,-16.7,-151.02,79.19,18.72
linqiong,0,CN,1547190000,37,30.42,103.46,53.6,4.47
zhigansk,56,RU,1547192501,39,66.77,123.37,-25.85,7.76
port hedland,36,AU,1547190000,63,-20.31,118.58,93.2,19.46
lunenburg,1,US,1547189760,64,42.59,-71.72,24.98,8.05
padang,20,ID,1547190000,79,-0.92,100.36,86.0,5.82
saint george,75,GR,1547189400,77,39.45,22.34,41.0,1.16
broome,0,GB,1547191200,93,52.47,1.45,44.6,5.82
pokhara,68,NP,1547192504,66,28.21,83.99,53.45,2.62
ledyard,20,US,1547189760,52,41.44,-72.02,30.02,18.34
mitsamiouli,88,KM,1547192504,90,-11.38,43.28,85.31,7.65
pacific grove,20,US,1547191200,92,36.62,-121.92,48.92,3.36
khvalynsk,88,RU,1547192505,89,52.5,48.11,6.15,5.75
vinh yen,75,VN,1547190000,93,21.31,105.6,66.2,3.36
sambava,32,MG,1547192505,100,-14.27,50.17,83.42,5.41
angoche,88,MZ,1547192506,100,-16.23,39.91,76.67,17.49
kargopol,92,RU,1547192506,88,61.51,38.95,17.0,22.86
sorland,75,NO,1547189400,69,67.67,12.69,39.2,28.86
north bend,1,US,1547189760,96,43.41,-124.22,48.02,4.7
boddam,40,GB,1547191200,70,57.47,-1.78,46.4,4.7
severo-kurilsk,0,RU,1547192507,100,50.68,156.12,13.26,9.66
roanoke rapids,1,US,1547191200,68,36.46,-77.65,26.6,6.31
san patricio,92,PY,1547192508,87,-26.98,-56.83,70.41,5.64
vao,92,EE,1547192508,96,59.1,26.19,34.19,14.25
la sarre,32,CA,1547192509,67,48.8,-79.2,-9.6,9.66
hanstholm,0,DK,1547192509,87,57.12,8.61,44.54,27.34
tateyama,40,JP,1547190000,48,36.66,137.31,44.6,5.82
wuwei,0,CN,1547192510,55,37.93,102.64,30.9,3.29
manadhoo,32,MV,1547192510,100,5.77,73.38,81.8,11.56
tevaitoa,92,PF,1547192393,100,-16.78,-151.5,79.19,18.72
mitu,0,IR,1547192510,56,36.2,46.09,37.43,1.16
liverpool,75,GB,1547191200,87,53.41,-2.98,44.6,8.05
fereydunshahr,0,IR,1547192511,40,32.94,50.12,42.06,1.61
cockburn town,64,TC,1547192448,100,21.46,-71.14,76.35,7.65
tigil,64,RU,1547192512,70,57.8,158.67,4.13,3.96
cabedelo,40,BR,1547190000,100,-6.97,-34.84,73.4,5.82
dubai,40,AE,1547190000,56,25.27,55.3,73.4,11.41
alice springs,48,AU,1547190000,12,-23.7,133.88,107.6,4.7
gat,88,SN,1547190000,72,14.69,-16.54,64.4,12.75
verkhoyansk,68,RU,1547192513,72,67.55,133.39,-37.32,1.61
hamina,90,FI,1547191200,90,60.57,27.2,32.0,13.87
aasiaat,56,GL,1547192380,100,68.71,-52.87,12.45,7.43
kudahuvadhoo,80,MV,1547192514,100,2.67,72.89,78.78,5.97
cidreira,68,BR,1547192514,94,-30.17,-50.22,73.65,4.74
rio gallegos,40,AR,1547190000,54,-51.62,-69.22,57.2,11.41
half moon bay,90,US,1547191140,100,37.46,-122.43,53.96,3.36
gerash,0,IR,1547190000,38,27.67,54.14,60.8,4.7
brae,75,GB,1547191200,93,60.4,-1.35,48.2,3.36
portland,90,US,1547189280,92,45.52,-122.67,48.02,3.4
shentala,56,RU,1547192516,87,54.44,51.46,11.91,9.66
rincon,1,US,1547190900,98,32.3,-81.24,42.08,8.21
shelburne,90,CA,1547190960,77,44.08,-80.2,10.4,5.82
jonkoping,75,SE,1547191200,100,57.78,14.16,35.6,11.41
de aar,12,ZA,1547192517,18,-30.65,24.01,83.15,13.8
huancabamba,48,PE,1547192518,92,-5.24,-79.45,53.13,2.17
moroni,68,US,1547192518,78,39.52,-111.59,15.92,2.06
melfi,90,IT,1547189700,86,41.0,15.66,35.6,5.82
olavarria,0,AR,1547192425,85,-36.89,-60.32,43.28,3.4
phonhong,75,LA,1547190000,52,18.5,102.42,87.8,4.7
kieta,20,PG,1547192520,87,-6.22,155.63,83.15,4.63
gravdal,75,NO,1547191200,80,59.79,5.78,44.6,10.29
saldanha,0,PT,1547192520,87,41.42,-6.55,23.39,5.19
xuddur,0,SO,1547192521,40,4.12,43.89,85.08,18.28
bathsheba,40,BB,1547190000,78,13.22,-59.52,77.0,12.75
niono,0,ML,1547192521,33,14.25,-5.99,69.83,7.65
poum,90,MK,1547191800,86,41.28,20.71,28.4,6.93
rognan,75,NO,1547191200,93,67.1,15.4,39.2,36.91
ottawa,20,CA,1547190000,64,45.42,-75.69,-0.41,21.92
salalah,0,OM,1547189400,45,17.01,54.1,82.4,5.82
novo oriente,76,BR,1547192523,97,-5.54,-40.77,67.35,6.87
tautira,75,PF,1547191800,88,-17.73,-149.15,78.8,5.82
komsomolskiy,76,RU,1547192525,66,67.55,63.78,-0.74,14.58
lethem,64,GY,1547192399,77,3.38,-59.8,75.41,9.44
russell,0,AR,1547192526,92,-33.01,-68.8,38.46,2.28
calama,0,CL,1547190000,76,-22.46,-68.93,50.0,4.7
yakeshi,0,CN,1547192526,64,49.28,120.73,1.79,1.95
hare bay,90,CA,1547190000,100,48.86,-53.99,28.4,3.36
awjilah,0,LY,1547192527,30,29.14,21.3,61.68,6.76
kamenka,88,RU,1547192527,90,53.19,44.05,12.5,10.78
mazeikiai,92,LT,1547192528,92,56.32,22.33,28.97,18.05
ciudad bolivar,0,VE,1547192528,77,8.12,-63.55,75.9,10.67
laizhou,92,CN,1547192528,83,37.18,119.93,35.81,1.28
omsukchan,80,RU,1547192529,90,62.53,155.8,-12.44,2.39
bani walid,76,LY,1547192529,20,31.76,14.0,51.78,4.63
bilibino,0,RU,1547192529,73,68.06,166.44,-17.39,2.28
providencia,12,CO,1547192530,98,1.24,-77.6,46.11,1.72
tebingtinggi,40,ID,1547190000,79,3.33,99.16,84.2,5.82
tambacounda,36,SN,1547192530,44,13.77,-13.67,73.52,3.18
takoradi,32,GH,1547192531,94,4.89,-1.75,84.45,2.95
san quintin,0,PH,1547192531,58,17.54,120.52,79.82,3.74
saint-leu,44,RE,1547190000,55,-21.15,55.28,89.6,11.41
follonica,0,IT,1547189700,69,42.93,10.76,37.4,12.75
axim,8,GH,1547192532,96,4.87,-2.24,84.18,3.96
chase,1,US,1547192160,88,43.89,-85.64,22.64,2.39
hamilton,90,BM,1547189700,55,32.3,-64.78,60.8,20.8
talgar,90,KZ,1547190000,92,43.3,77.24,24.8,2.24
lodwar,0,KE,1547192244,35,3.12,35.6,90.62,12.24
bima,44,ID,1547192533,92,-8.45,118.73,80.81,2.62
waingapu,92,ID,1547192534,89,-9.65,120.26,81.08,4.97
atocha,92,EC,1547192534,99,-1.22,-78.6,43.46,2.06
sangar,64,RU,1547192534,35,63.92,127.47,-23.82,8.77
hatillo,36,PR,1547192535,100,18.49,-66.83,72.71,1.16
bonavista,92,CA,1547192535,98,48.65,-53.11,30.63,5.97
fairbanks,20,US,1547189880,69,64.84,-147.72,-32.08,2.51
beni mazar,0,EG,1547192536,38,28.5,30.8,60.96,4.63
saint-ambroise,90,FR,1547190000,93,47.25,-0.65,37.4,2.24
belle fourche,90,US,1547190900,60,44.67,-103.85,42.8,12.75
tondano,40,ID,1547190000,78,1.3,124.91,82.4,8.05
skjervoy,90,NO,1547189400,100,70.03,20.97,33.8,13.87
kazachinskoye,44,RU,1547192537,70,57.69,93.28,-5.51,4.63
aksha,0,RU,1547192538,72,50.28,113.29,6.51,1.95
chilca,75,PE,1547190000,76,-13.22,-72.34,48.2,1.83
berdigestyakh,64,RU,1547192538,80,62.1,126.7,-18.87,3.51
uchiza,92,PE,1547192538,100,-8.46,-76.46,66.23,2.17
tatarsk,76,RU,1547192539,80,55.22,75.96,-1.14,10.89
taonan,0,CN,1547192539,41,45.34,122.78,21.68,8.21
kamina,20,CD,1547192539,99,-8.74,25.0,81.03,4.74
kayes,64,ML,1547192540,37,14.44,-11.44,72.53,5.19
kerman,0,IR,1547190000,22,30.29,57.06,44.6,4.7
namatanai,24,PG,1547192540,96,-3.66,152.44,84.63,14.81
baillif,64,GP,1547190000,100,16.02,-61.75,68.0,1.12
khorixas,0,NA,1547192541,19,-20.37,14.96,79.82,4.63
vydrino,80,RU,1547192541,75,51.46,104.64,10.34,7.65
tabuk,24,PH,1547192541,62,17.41,121.44,74.46,1.95
gananoque,90,CA,1547190900,68,44.33,-76.16,6.98,12.75
shakiso,0,ET,1547192542,18,5.77,38.9,77.43,6.42
avera,1,US,1547190900,96,33.19,-82.53,32.0,4.7
ancud,76,CL,1547190000,100,-41.87,-73.83,39.2,2.24
puerto escondido,0,MX,1547192543,100,15.86,-97.07,81.48,8.66
taoudenni,0,ML,1547192543,32,22.68,-3.98,51.92,4.97
shache,68,CN,1547192543,56,38.42,77.24,31.98,4.29
senneterre,90,CA,1547190000,83,48.39,-77.24,-11.21,6.93
isangel,0,VU,1547192544,97,-19.55,169.27,80.76,8.21
goldap,76,PL,1547192545,88,54.31,22.3,16.23,15.7
san ramon de la nueva oran,56,AR,1547192545,90,-23.13,-64.33,64.65,9.89
barra do garcas,88,BR,1547192545,97,-15.89,-52.26,70.05,3.4
biak,64,ID,1547192546,76,-0.91,122.88,85.35,4.29
mana,90,RS,1547191800,92,43.52,20.24,30.2,4.74
bay roberts,90,CA,1547190000,100,47.58,-53.28,35.6,8.05
hobyo,0,SO,1547192547,68,5.35,48.53,81.93,21.63
atasu,48,KZ,1547192547,99,48.68,71.64,12.41,4.18
prainha,92,BR,1547192547,100,-1.8,-53.48,72.53,4.18
muromtsevo,76,RU,1547192548,78,56.37,75.24,2.24,10.89
nicolas bravo,0,MX,1547192548,92,24.39,-104.74,34.68,3.51
sawtell,0,AU,1547190000,61,-30.38,153.1,82.4,21.92
dabhol,0,IN,1547192549,73,17.6,73.17,83.28,7.31
mgandu,0,TZ,1547192549,69,-5.96,34.11,79.46,4.74
marzuq,0,YE,1547192549,23,14.4,46.47,74.42,4.41
kangaatsiaq,48,GL,1547192550,100,68.31,-53.46,11.69,5.3
gondanglegi,88,ID,1547192550,93,-7.75,112.01,77.57,3.96
srednekolymsk,8,RU,1547192550,48,67.46,153.71,-29.4,2.62
jinchang,0,CN,1547192550,86,38.52,102.19,24.56,3.4
umm kaddadah,0,SD,1547192551,46,13.6,26.69,69.38,15.7
hadejia,0,NG,1547192551,28,12.45,10.04,75.81,5.97
suntar,44,RU,1547192552,77,62.16,117.65,-3.84,6.08
orhangazi,75,TR,1547191200,58,40.49,29.31,53.6,12.75
dondo,75,MZ,1547190000,70,-19.62,34.74,87.8,6.64
romitan,90,UZ,1547190000,93,39.93,64.38,35.6,6.93
leh,56,IN,1547192553,77,34.16,77.58,-4.02,0.83
noumea,0,NC,1547191800,83,-22.28,166.46,80.6,5.82
batagay-alyta,12,RU,1547192554,0,67.8,130.41,-39.08,2.95
saint anthony,90,US,1547191800,100,43.97,-111.68,30.92,5.82
iquique,40,CL,1547190000,68,-20.22,-70.14,69.8,10.29
sao joao da barra,20,BR,1547192555,96,-21.64,-41.05,78.6,16.26
fort nelson,75,CA,1547190000,76,58.81,-122.69,-11.21,3.36
morehead,90,US,1547192100,71,38.18,-83.43,25.16,3.36
sanda,75,JP,1547190000,53,34.89,135.23,51.8,11.41
urcos,75,PE,1547190000,76,-13.69,-71.62,48.2,2.73
vaasa,0,FI,1547191200,59,63.1,21.62,35.6,14.99
ca mau,20,VN,1547192557,70,9.18,105.15,85.85,15.14
namibe,0,AO,1547192557,100,-15.19,12.15,75.23,4.85
aklavik,90,CA,1547190000,67,68.22,-135.01,-25.61,6.31
hastings,36,NZ,1547192557,83,-39.64,176.84,70.37,7.43
lashio,0,MM,1547192558,60,22.93,97.75,71.72,2.62
panguipulli,0,CL,1547190000,100,-39.64,-72.33,37.4,1.61
aldan,76,RU,1547192559,79,58.61,125.39,5.21,2.95
hornepayne,20,CA,1547192559,71,49.22,-84.78,-10.73,3.06
teya,5,MX,1547189100,82,21.05,-89.07,59.0,2.28
sao bernardo,88,BR,1547192560,99,-3.36,-42.42,71.45,5.41
vangaindrano,92,MG,1547192560,91,-23.35,47.6,79.05,4.18
thunder bay,90,CA,1547190000,71,48.41,-89.26,6.8,4.7
dakar,56,SN,1547190000,72,14.69,-17.45,64.4,12.75
maloy,20,ID,1547192561,57,1.0,118.1,86.43,5.64
manicore,92,BR,1547192389,97,-5.81,-61.3,72.71,2.06
teshie,36,GH,1547190000,94,5.58,-0.11,78.8,8.05
raudeberg,75,NO,1547191200,64,61.99,5.14,39.2,21.92
port-gentil,20,GA,1547190000,94,-0.72,8.78,80.6,0.83
puerto narino,75,CO,1547190000,100,-3.77,-70.38,75.2,2.24
klaksvik,92,FO,1547191200,100,62.23,-6.59,41.0,5.19
kutum,0,SD,1547192563,45,14.2,24.66,70.91,7.31
deputatskiy,24,RU,1547192563,55,69.3,139.9,-33.23,2.73
natal,0,BR,1547190000,88,-5.81,-35.21,75.2,18.34
meadow lake,32,CA,1547192564,67,54.13,-108.44,1.52,2.73
sao raimundo das mangabeiras,68,BR,1547192564,90,-7.02,-45.48,67.08,5.75
presidencia roque saenz pena,92,AR,1547192564,100,-26.79,-60.44,68.3,6.98
margate,20,AU,1547190000,24,-43.03,147.26,82.4,19.46
kasempa,56,ZM,1547192565,86,-13.46,25.83,74.69,9.33
baykit,24,RU,1547192565,48,61.68,96.39,-17.57,9.44
dimona,8,IL,1547192566,75,31.07,35.04,54.21,4.52
da lat,44,VN,1547192566,74,11.95,108.44,71.45,3.62
pinar del rio,0,CU,1547192566,98,22.42,-83.7,56.91,3.74
chingirlau,88,KZ,1547192567,90,51.09,54.08,8.09,4.52
karratha,0,AU,1547192567,20,-20.74,116.85,104.84,11.34
borogontsy,56,RU,1547192567,52,62.67,131.17,-31.25,6.2
carbonia,0,IT,1547191200,80,39.17,8.53,33.8,6.93
severo-yeniseyskiy,36,RU,1547192568,53,60.37,93.04,-10.95,6.64
lere,0,TD,1547192568,39,9.66,14.23,81.03,6.53
adrar,0,DZ,1547190000,34,27.87,-0.29,37.4,8.05
marysville,1,CA,1547192100,72,42.91,-82.49,20.3,5.82
koungheul,68,SN,1547192569,73,13.98,-14.8,72.93,2.95
ionia,1,US,1547192100,84,42.99,-85.07,21.02,2.95
harper,90,US,1547192100,76,30.3,-99.24,55.04,12.75
alta floresta,80,BR,1547192571,98,-9.87,-56.08,69.74,1.72
beloha,56,MG,1547192571,91,-25.17,45.06,83.87,8.66
damietta,12,EG,1547192571,73,31.42,31.81,62.9,4.18
sumbawanga,68,TZ,1547192571,100,-7.95,31.62,73.43,4.85
michurinsk,92,RU,1547192321,94,52.9,40.48,20.46,8.77
yumen,0,CN,1547192572,82,40.29,97.04,24.33,13.02
qaqortoq,80,GL,1547192572,87,60.72,-46.03,27.35,6.98
charta,8,CO,1547192573,100,7.28,-72.97,55.88,1.5
port hawkesbury,20,CA,1547190000,86,45.62,-61.36,28.4,6.93
cooma,75,AU,1547190000,82,-36.24,149.13,68.0,19.46
latur,0,IN,1547192573,36,18.4,76.56,85.94,6.76
avanigadda,40,IN,1547190000,61,16.02,80.92,82.4,4.7
ugoofaaru,64,MV,1547192574,100,5.67,73.0,81.98,10.78
lebanon,90,US,1547192340,72,43.64,-72.25,17.06,8.05
luganville,88,VU,1547192575,100,-15.51,167.18,80.99,7.54
troy,90,US,1547191740,59,42.73,-73.69,19.94,19.46
pangnirtung,56,CA,1547192576,51,66.15,-65.72,-17.34,1.61
mujiayingzi,56,CN,1547192576,31,42.12,118.78,28.43,5.64
gubkinskiy,44,RU,1547192577,40,64.43,76.5,-26.07,4.52
mariel,40,CU,1547189700,68,22.99,-82.75,64.4,4.7
jucas,68,BR,1547192577,96,-6.53,-39.53,67.22,1.95
kholmogory,90,RU,1547190000,85,64.23,41.65,23.0,17.9
vegueta,88,PE,1547192578,100,-11.02,-77.64,56.15,1.39
singleton,44,AU,1547190000,65,-32.57,151.17,80.6,17.22
talara,88,PE,1547192579,88,-4.58,-81.27,71.63,2.73
darnah,20,LY,1547192579,100,32.77,22.64,60.92,17.6
sakaiminato,75,JP,1547190000,49,35.55,133.23,48.2,13.87
iqaluit,75,CA,1547190000,68,63.75,-68.52,-14.81,12.75
pyaozerskiy,80,RU,1547192580,75,65.83,31.17,27.93,11.9
port blair,44,IN,1547192580,100,11.67,92.75,79.86,10.67
mahon,75,IE,1547191800,100,51.89,-8.4,46.4,3.36
haines junction,24,CA,1547192581,68,60.75,-137.51,-38.45,1.72
pandan,32,PH,1547192582,95,11.72,122.09,81.8,21.74
hirara,75,JP,1547190000,83,24.8,125.28,77.0,8.05
mecca,0,SA,1547192577,41,21.43,39.83,83.06,3.96
makushino,68,RU,1547192582,92,55.21,67.25,9.21,10.0
markova,92,RU,1547192583,86,52.21,104.21,10.97,8.77
provost,44,CA,1547192583,83,52.35,-110.26,1.97,3.74
davila,20,PH,1547190000,78,18.47,120.58,82.4,8.05
west wendover,1,US,1547189760,92,40.74,-114.07,26.06,3.18
zholymbet,56,KZ,1547192584,91,51.74,71.71,7.23,4.52
nakapiripirit,0,UG,1547192585,40,1.81,34.71,82.61,10.67
kibaya,40,RW,1547188200,69,-2.2,30.56,73.4,3.36
